ID,Start time,Completion time,Email,Name,Last modified time,Full Name,E-mail (please enter your Loomis e-mail address),Identifier,Year of Graduation,Room Preference,Matched Roommate's Name,Dorm Preference,One Student,One Student2,One Student3,One Student4,One Student5,One Student6,One Student7,One Student8,Freshman,Sophomore,Junior,Freshman Year,Sophomore Year,Junior Year
1,5/16/23 10:29:20,5/16/23 10:42:03,placeholderemail@internal.loomis.org,wcqvmcweiz,,wcqvmcweiz,placeholderemail@loomis.org,Self-Identify,2024,Single;Double;Triple;,,Taylor;All Gender Housing;Batchelder;Warham;Carter ;Kravis ;Harman ;,bitvnjcawr,yandbxlnsb,becvhzcwxo,cvlmwxxeaj,sbakgdqqvm,phvkxcbvvn,,,Carter,Harman,Taylor,Double,Single,Single
2,5/16/23 20:39:57,5/16/23 20:42:25,placeholderemail@internal.loomis.org,mwncqojjdx,,mwncqojjdx,placeholderemail@loomis.org,Male,2025,Single;Double;Triple;,yactfvtlhi,Kravis ;Batchelder;Warham;Taylor;Harman ;Carter ;All Gender Housing;,yactfvtlhi,pnuhxrgnqr,mqrxwoweby,czhgtcltfq,xfgejbofwn,mjkzqzjxdq,dinlxnumic,xjzkvdeogx,Harman,Carter,Kravis,Double,Double,
3,5/16/23 22:15:13,5/16/23 22:22:32,placeholderemail@internal.loomis.org,lpjrryndrz,,lpjrryndrz,placeholderemail@loomis.org,Male,2024,Single;Double;Triple;,vblqucknqi,Warham;Batchelder;Kravis ;Harman ;Carter ;Taylor;All Gender Housing;,vblqucknqi,kuzxyadimh,lootmugaao,hkjinpfjet,yymfmnsqcf,igzuwfrayg,ebinsfefcs,ybkmgtjmkd,Carter,Harman,Kravis,,Double,Single
4,5/16/23 23:14:28,5/16/23 23:17:19,placeholderemail@internal.loomis.org,itpiavmkuo,,itpiavmkuo,placeholderemail@loomis.org,Male,2024,Single;Double;Triple;,wwwjqoacpe,Batchelder;All Gender Housing;Warham;Taylor;Harman ;Carter ;Kravis ;,,,,,,,,,Harman,Harman,Carter,,Double,Single
5,5/17/23 9:46:53,5/17/23 9:54:50,placeholderemail@internal.loomis.org,pnuhxrgnqr,,pnuhxrgnqr,placeholderemail@loomis.org,Male,2025,Single;Double;Triple;,,Kravis ;Batchelder;Carter ;Warham;Taylor;Harman ;All Gender Housing;,plmdujvamk,abtpsxbbsd,dckauzivyd,jtxjlhfirh,odwbmtcjdu,vzmgkaufvr,zyeoyrwwsr,xwqeberzkd,Carter,Carter,Kravis,Double,Double,Single
6,5/17/23 11:30:07,5/17/23 11:40:56,placeholderemail@internal.loomis.org,ybkmgtjmkd,,ybkmgtjmkd,placeholderemail@loomis.org,Male,2024,Double;Single;Triple;,yymfmnsqcf,Batchelder;Warham;Taylor;Kravis ;All Gender Housing;Carter ;Harman ;,vzfihfkmzs,xatmncxsfe,igzuwfrayg,boehwawxfs,wzsinzeekq,zlcfipzqyg,lootmugaao,,Batchelder,Batchelder,Batchelder,,,Double
7,5/17/23 9:36:20,5/17/23 11:49:34,placeholderemail@internal.loomis.org,yymfmnsqcf,,yymfmnsqcf,placeholderemail@loomis.org,Male,2024,Double;Single;Triple;,ybkmgtjmkd,Batchelder;Warham;Taylor;Kravis ;All Gender Housing;Harman ;Carter ;,vzfihfkmzs,xatmncxsfe,igzuwfrayg,boehwawxfs,wzsinzeekq,zlcfipzqyg,lootmugaao,rvtgqljvjf,Carter,Carter,Carter,,Double,Single
8,5/17/23 11:57:42,5/17/23 12:03:48,placeholderemail@internal.loomis.org,cnxthrrrox,,cnxthrrrox,placeholderemail@loomis.org,Male,2024,Single;Double;Triple;,olskgkzbbr,Taylor;Batchelder;Warham;All Gender Housing;Carter ;Kravis ;Harman ;,olskgkzbbr,olskgkzbbr,olskgkzbbr,olskgkzbbr,olskgkzbbr,olskgkzbbr,olskgkzbbr,olskgkzbbr,Kravis,Kravis,Carter,Single,Double,Single
9,5/17/23 11:39:13,5/17/23 16:34:05,placeholderemail@internal.loomis.org,nlqqbtwxot,,nlqqbtwxot,placeholderemail@loomis.org,Male,2024,Single;Triple;Double;,vslmgsjihw,Batchelder;Taylor;Warham;All Gender Housing;Harman ;Carter ;Kravis ;,vslmgsjihw,jklcgislec,cjrtnelnvy,joaxuqofow,gnjpgjpxdr,krgzvwlbcf,bitvnjcawr,yandbxlnsb,Harman,Harman,Warham,Single,Single,Single
10,5/17/23 17:12:05,5/17/23 17:15:37,placeholderemail@internal.loomis.org,wexhxdnqpn,,wexhxdnqpn,placeholderemail@loomis.org,Male,2025,Single;Double;Triple;,,Carter ;Kravis ;Harman ;Batchelder;Warham;Taylor;All Gender Housing;,,,,,,,,,Carter,Carter,Carter,,Double,
11,5/17/23 14:41:28,5/17/23 18:12:34,placeholderemail@internal.loomis.org,jklcgislec,,jklcgislec,placeholderemail@loomis.org,Male,2024,Triple;Single;Double;,nlqqbtwxot,Batchelder;Taylor;Warham;All Gender Housing;Harman ;Carter ;Kravis ;,nlqqbtwxot,vslmgsjihw,cjrtnelnvy,krgzvwlbcf,bfkajdwqya,gepayqhywk,hxuqqjiuhp,ynxwpyyhtn,Kravis,Kravis,Batchelder,,Double,Double
12,5/17/23 19:58:01,5/17/23 19:58:24,placeholderemail@internal.loomis.org,otggohncjd,,otggohncjd,placeholderemail@loomis.org,Male,2025,Single;Double;Triple;,igzuwfrayg,Batchelder;Warham;Taylor;Harman ;Carter ;Kravis ;All Gender Housing;,jllyydygsq,gjbfhumyeh,viujtibxxn,stwhwmjgcq,ewntpfzyba,rvtgqljvjf,uttuuhzkaa,dsrodjdaly,Carter,Carter,Batchelder,,Double,
13,5/17/23 20:01:48,5/17/23 20:02:32,placeholderemail@internal.loomis.org,igzuwfrayg,,igzuwfrayg,placeholderemail@loomis.org,Male,2025,Single;Double;Triple;,otggohncjd,Batchelder;Warham;Taylor;Carter ;Harman ;Kravis ;All Gender Housing;,otggohncjd,yymfmnsqcf,vzfihfkmzs,boehwawxfs,lpjrryndrz,prmolasqkb,vblqucknqi,ybkmgtjmkd,Carter,Carter,Batchelder,,Double,
14,5/17/23 19:51:28,5/17/23 20:06:57,placeholderemail@internal.loomis.org,pclgyiyenf,,pclgyiyenf,placeholderemail@loomis.org,Male,2024,Single;Double;Triple;,qsdxmxlhqf,Batchelder;Taylor;Warham;All Gender Housing;Harman ;Carter ;Kravis ;,,, , ,,,,,Batchelder,Kravis,Batchelder,,Single,Double
15,5/17/23 20:01:45,5/17/23 20:07:47,placeholderemail@internal.loomis.org,qsdxmxlhqf,,qsdxmxlhqf,placeholderemail@loomis.org,Male,2024,Single;Double;Triple;,pclgyiyenf,Batchelder;Taylor;Warham;Kravis ;Harman ;Carter ;All Gender Housing;,bfkajdwqya,abinxvcvtk,oryckpqqch,jklcgislec,pclgyiyenf,rfkygcobiu,uyaouceknm,vozcgvsvrv,Harman,Harman,Batchelder,,Double,Single
16,5/17/23 19:49:30,5/17/23 20:10:44,placeholderemail@internal.loomis.org,vblqucknqi,,vblqucknqi,placeholderemail@loomis.org,Male,2024,Single;Double;Triple;,hkjinpfjet,Warham;Batchelder;Taylor;Harman ;Carter ;Kravis ;All Gender Housing;,eyeexseuwh,zlcfipzqyg,ebinsfefcs,ycqtqfotsy,lpjrryndrz,hkjinpfjet,jlmvpsttah,prmolasqkb,Batchelder,Batchelder,Batchelder,,,Double
17,5/17/23 20:23:37,5/17/23 20:31:01,placeholderemail@internal.loomis.org,oydbfdlfaf,,oydbfdlfaf,placeholderemail@loomis.org,Male,2025,Single;Double;Triple;,rqjjpwseql,Carter ;Harman ;Kravis ;Warham;Batchelder;Taylor;All Gender Housing;,rqjjpwseql,piwotafnkm,xwfslbdbnv,,,,,,AGH,Carter,AGH,,Double,
18,5/17/23 20:13:20,5/17/23 20:36:08,placeholderemail@internal.loomis.org,phvkxcbvvn,,phvkxcbvvn,placeholderemail@loomis.org,Male,2024,Single;Double;Triple;,cpkiibhaig,Taylor;Warham;Batchelder;Carter ;Kravis ;Harman ;All Gender Housing;,cpkiibhaig,krgzvwlbcf,vozcgvsvrv,viujtibxxn,pclgyiyenf,lwrocvifhl,nabghmfqlq,bfkajdwqya,Carter,Carter,Carter,Double,Double,Single
19,5/17/23 20:38:14,5/17/23 20:38:21,placeholderemail@internal.loomis.org,rqjjpwseql,,rqjjpwseql,placeholderemail@loomis.org,Male,2025,Single;Double;Triple;,oydbfdlfaf,Carter ;Batchelder;Warham;Taylor;Harman ;Kravis ;All Gender Housing;,oydbfdlfaf,piwotafnkm,xwfslbdbnv,wexhxdnqpn,zrkgmzkmuv,viujtibxxn,pnuhxrgnqr,otggohncjd,Carter,Carter,Carter,Single,Single,
20,5/17/23 19:50:32,5/17/23 20:39:38,placeholderemail@internal.loomis.org,boehwawxfs,,boehwawxfs,placeholderemail@loomis.org,Male,2025,Single;Double;Triple;,,Batchelder;Warham;Taylor;Harman ;All Gender Housing;Carter ;Kravis ;,vzfihfkmzs,olskgkzbbr,wzsinzeekq,yymfmnsqcf,ybkmgtjmkd,stwhwmjgcq,gwdmdhkhnj,aeihihgcsk,Carter,Carter,Batchelder,Double,Single,
21,5/17/23 21:06:29,5/17/23 21:17:00,placeholderemail@internal.loomis.org,xatmncxsfe,,xatmncxsfe,placeholderemail@loomis.org,Male,2024,Single;Double;Triple;,vzfihfkmzs,Batchelder;Warham;Taylor;Harman ;Carter ;Kravis ;All Gender Housing;,ybkmgtjmkd,yymfmnsqcf,vzfihfkmzs,lootmugaao,tiwkxetiew,igzuwfrayg,,,AGH,AGH,Batchelder,,,Double
22,5/17/23 21:30:52,5/17/23 21:33:42,placeholderemail@internal.loomis.org,bcfxrtpylu,,bcfxrtpylu,placeholderemail@loomis.org,Male,2024,Double;Single;Triple;,ftdnmdphal,Warham;Batchelder;Taylor;Harman ;Carter ;Kravis ;All Gender Housing;,vyogibmdnb,ftdnmdphal,fclicpkemb,hxeyhpdjhd,evigwndgiw,gjbfhumyeh,,,Kravis,Harman,Harman,Double,Single,Single
23,5/17/23 21:32:58,5/17/23 21:37:38,placeholderemail@internal.loomis.org,piwotafnkm,,piwotafnkm,placeholderemail@loomis.org,Male,2025,Single;Double;Triple;,oydbfdlfaf,Carter ;Batchelder;Taylor;Warham;All Gender Housing;Harman ;Kravis ;,oydbfdlfaf,rqjjpwseql,cevfqvxyey,wexhxdnqpn,xwfslbdbnv,xthymbbmeh,,,Harman,Harman,Carter,,Single,
24,5/17/23 21:31:58,5/17/23 21:38:01,placeholderemail@internal.loomis.org,evigwndgiw,,evigwndgiw,placeholderemail@loomis.org,Male,2025,Single;Double;Triple;,,Batchelder;Taylor;Warham;Harman ;Carter ;Kravis ;All Gender Housing;,gjbfhumyeh,fkwkhxvrls,bcfxrtpylu,prmolasqkb,vyogibmdnb,fclicpkemb,ftdnmdphal,ycqtqfotsy,Harman,Harman,Taylor,Double,Single,
25,5/17/23 21:32:03,5/17/23 21:43:44,placeholderemail@internal.loomis.org,zrkgmzkmuv,,zrkgmzkmuv,placeholderemail@loomis.org,Male,2025,Single;Double;Triple;,jgzdkskbbg,Harman ;Batchelder;Warham;Carter ;Kravis ;Taylor;All Gender Housing;,kgfebparve,ytidtdvisb,jgzdkskbbg,keebdxafsv,nijghfmvjm,qzmqtaktyu,,,Harman,Harman,Harman,,Double,
26,5/17/23 21:38:27,5/17/23 21:44:50,placeholderemail@internal.loomis.org,jllyydygsq,,jllyydygsq,placeholderemail@loomis.org,Male,2025,Single;Double;Triple;,viujtibxxn,Batchelder;Taylor;Warham;Harman ;Carter ;Kravis ;All Gender Housing;,stwhwmjgcq,prmolasqkb,gjbfhumyeh,otggohncjd,rbfpemhowr,jlmvpsttah,hujdefvdtk,vlkujszemy,Kravis,Harman,Batchelder,Double,Single,
27,5/17/23 21:40:13,5/17/23 21:45:19,placeholderemail@internal.loomis.org,prmolasqkb,,prmolasqkb,placeholderemail@loomis.org,Male,2025,Double;Single;Triple;,kwqanxntcz,Batchelder;Kravis ;Warham;Taylor;Harman ;Carter ;All Gender Housing;,zlcfipzqyg,vlkujszemy,igzuwfrayg,stwhwmjgcq,gjbfhumyeh,ebinsfefcs,kwqanxntcz,hkjinpfjet,Harman,Harman,Batchelder,,Double,Double
28,5/17/23 21:32:03,5/17/23 21:45:31,placeholderemail@internal.loomis.org,gjbfhumyeh,,gjbfhumyeh,placeholderemail@loomis.org,Male,2025,Double;Single;Triple;,stwhwmjgcq,Batchelder;Taylor;Warham;Harman ;Carter ;Kravis ;All Gender Housing;,stwhwmjgcq,otggohncjd,prmolasqkb,jlmvpsttah,boehwawxfs,rbfpemhowr,evigwndgiw,ycqtqfotsy,Harman,Harman,AGH,Double,Single,
29,5/17/23 21:35:11,5/17/23 21:46:27,placeholderemail@internal.loomis.org,wdhnimbrec,,wdhnimbrec,placeholderemail@loomis.org,Male,2025,Single;Double;Triple;,dtretsxdwm,Batchelder;Taylor;Warham;Kravis ;Carter ;Harman ;All Gender Housing;,prmolasqkb,igzuwfrayg,viujtibxxn,nabghmfqlq,jlmvpsttah,mnykkkrvdw,dtretsxdwm,vngbwtiyyc,Harman,Harman,Batchelder,,Single,
30,5/17/23 21:32:28,5/17/23 21:47:47,placeholderemail@internal.loomis.org,viujtibxxn,,viujtibxxn,placeholderemail@loomis.org,Male,2025,Single;Double;Triple;,vngbwtiyyc,Batchelder;Warham;Taylor;Harman ;Kravis ;Carter ;All Gender Housing;,jlmvpsttah,stwhwmjgcq,boehwawxfs,gjbfhumyeh,jllyydygsq,otggohncjd,igzuwfrayg,prmolasqkb,Harman,Harman,Batchelder,Double,Single,
31,5/17/23 22:21:35,5/17/23 22:26:27,placeholderemail@internal.loomis.org,stwhwmjgcq,,stwhwmjgcq,placeholderemail@loomis.org,Male,2025,Double;Single;Triple;,gjbfhumyeh,Batchelder;Taylor;Warham;All Gender Housing;Harman ;Carter ;Kravis ;,boehwawxfs,otggohncjd,jlmvpsttah,rbfpemhowr,viujtibxxn,prmolasqkb,,,Harman,Harman,Batchelder,Double,Single,
32,5/17/23 22:13:12,5/17/23 22:37:22,placeholderemail@internal.loomis.org,iejcyudpnr,,iejcyudpnr,placeholderemail@loomis.org,Male,2025,Single;Double;Triple;,nxxxjqvpdt,Batchelder;Warham;Taylor;All Gender Housing;Harman ;Carter ;Kravis ;,nxxxjqvpdt,becvhzcwxo,bfcalmegxu,cpkiibhaig,itpiavmkuo,lyrmaxvfck,terljjvubz,wbhiwfljhz,Harman,Harman,Harman,,Double,
33,5/17/23 21:43:06,5/17/23 22:48:24,placeholderemail@internal.loomis.org,jlmvpsttah,,jlmvpsttah,placeholderemail@loomis.org,Male,2025,Single;Double;Triple;,boehwawxfs,Batchelder;Warham;Kravis ;Taylor;Harman ;Carter ;All Gender Housing;,vblqucknqi,prmolasqkb,stwhwmjgcq,gjbfhumyeh,myhkamlmoo,zlcfipzqyg,boehwawxfs,igzuwfrayg,AGH,Harman,AGH,,Double,
34,5/17/23 22:43:01,5/17/23 22:58:22,placeholderemail@internal.loomis.org,fkwkhxvrls,,fkwkhxvrls,placeholderemail@loomis.org,Male,2024,Double;Single;Triple;,aeihihgcsk,Taylor;Warham;Batchelder;Kravis ;Harman ;Carter ;All Gender Housing;,evigwndgiw,gjbfhumyeh,hxeyhpdjhd,vyogibmdnb,fclicpkemb,oogckdxsuo,stwhwmjgcq,otggohncjd,Harman,Harman,Batchelder,,Double,Double
35,5/17/23 21:32:16,5/17/23 23:12:30,placeholderemail@internal.loomis.org,ftdnmdphal,,ftdnmdphal,placeholderemail@loomis.org,Male,2024,Double;Single;Triple;,bcfxrtpylu,Warham;Batchelder;All Gender Housing;Taylor;Harman ;Carter ;Kravis ;,vyogibmdnb,fclicpkemb,hxeyhpdjhd,oogckdxsuo,bcfxrtpylu,vfsjrrpblb,,,Kravis,Kravis,Harman,Double,Single,Double
36,5/17/23 23:50:51,5/17/23 23:59:46,placeholderemail@internal.loomis.org,zjlzfcoukk,,zjlzfcoukk,placeholderemail@loomis.org,Male,2024,Single;Triple;Double;,,Taylor;Warham;Batchelder;All Gender Housing;Kravis ;Carter ;Harman ;,stwhwmjgcq,yymfmnsqcf,zlcfipzqyg,jdalxedsnp,ylduxmoeho,rvtgqljvjf,lootmugaao,aiyuxwopbd,Carter,Carter,Harman,Double,Double,Single
37,5/18/23 7:51:57,5/18/23 7:57:06,placeholderemail@internal.loomis.org,gwdmdhkhnj,,gwdmdhkhnj,placeholderemail@loomis.org,Male,2024,Single;Double;Triple;,cupzwesnqw,Batchelder;Warham;Taylor;All Gender Housing;Carter ;Kravis ;Harman ;,cupzwesnqw,xyfozxrmae,tthhevbaqj,lpkasoglok,olskgkzbbr,jdphbqtdzj,vblgbwxltc,aezndxopxf,Batchelder,Batchelder,Batchelder,,,Double
38,5/17/23 19:42:24,5/18/23 9:01:24,placeholderemail@internal.loomis.org,aeihihgcsk,,aeihihgcsk,placeholderemail@loomis.org,Male,2024,Single;Double;Triple;,fkwkhxvrls,Taylor;Warham;Batchelder;Harman ;Carter ;Kravis ;All Gender Housing;,xatmncxsfe,yymfmnsqcf,igzuwfrayg,tiwkxetiew,fkwkhxvrls,lootmugaao,,,AGH,AGH,Batchelder,,,Double
39,5/18/23 9:04:31,5/18/23 9:04:38,placeholderemail@internal.loomis.org,hxeyhpdjhd,,hxeyhpdjhd,placeholderemail@loomis.org,Male,2024,Single;Double;Triple;,vyogibmdnb,Warham;Batchelder;Taylor;Harman ;Kravis ;Carter ;All Gender Housing;,bcfxrtpylu,ftdnmdphal,vyogibmdnb,fclicpkemb,oogckdxsuo,mizokvpyok,,,Kravis,Kravis,Batchelder,,Single,Single
40,5/18/23 9:26:47,5/18/23 9:34:44,placeholderemail@internal.loomis.org,vyogibmdnb,,vyogibmdnb,placeholderemail@loomis.org,Male,2024,Single;Double;Triple;,hxeyhpdjhd,Warham;Batchelder;Taylor;Harman ;Carter ;Kravis ;All Gender Housing;,ftdnmdphal,bcfxrtpylu,fclicpkemb,oogckdxsuo,hxeyhpdjhd,ycqtqfotsy,slychtrdsx,mizokvpyok,Harman,Harman,Batchelder,Double,Double,Double
41,5/18/23 9:03:44,5/18/23 10:27:28,placeholderemail@internal.loomis.org,izhtjplkwy,,izhtjplkwy,placeholderemail@loomis.org,Male,2025,Single;Double;Triple;,obxkcxxuxd,Batchelder;Warham;Taylor;Carter ;Kravis ;Harman ;All Gender Housing;,obxkcxxuxd,uyaouceknm,slyzogdlcn,gepayqhywk,abinxvcvtk,ayshzmvonu,ynxwpyyhtn,yandbxlnsb,Carter,Carter,Carter,,Double,
42,5/18/23 10:29:24,5/18/23 10:35:53,placeholderemail@internal.loomis.org,cpkiibhaig,,cpkiibhaig,placeholderemail@loomis.org,Male,2024,Single;Double;Triple;,phvkxcbvvn,Taylor;Batchelder;Warham;Carter ;Harman ;Kravis ;All Gender Housing;,phvkxcbvvn,cvlmwxxeaj,vozcgvsvrv,podvfestsx,akelyhzvvu,krgzvwlbcf,gnjpgjpxdr,,Harman,Harman,Batchelder,,Single,Double
43,5/18/23 10:24:29,5/18/23 10:37:59,placeholderemail@internal.loomis.org,fclicpkemb,,fclicpkemb,placeholderemail@loomis.org,Male,2024,Single;Double;Triple;,oogckdxsuo,Warham;Batchelder;Taylor;Harman ;Kravis ;Carter ;All Gender Housing;,dsrodjdaly,ftdnmdphal,bcfxrtpylu,vyogibmdnb,ycqtqfotsy,hxeyhpdjhd,,,AGH,Harman,Taylor,,Double,Double
44,5/18/23 9:59:36,5/18/23 10:46:56,placeholderemail@internal.loomis.org,ygpmwszkuo,,ygpmwszkuo,placeholderemail@loomis.org,Male,2024,Single;Double;Triple;,eyeexseuwh,Warham;Batchelder;Taylor;Harman ;Carter ;Kravis ;All Gender Housing;,eyeexseuwh,rvtgqljvjf,ebinsfefcs,nvekqbfftf,kuzxyadimh,lootmugaao,jdalxedsnp,bxapmyekra,Kravis,Kravis,Carter,Double,Single,Single
45,5/18/23 11:25:44,5/18/23 11:28:20,placeholderemail@internal.loomis.org,mqrxwoweby,,mqrxwoweby,placeholderemail@loomis.org,Male,2025,Single;Double;Triple;,,Kravis ;Carter ;Harman ;Batchelder;Warham;Taylor;All Gender Housing;,oryckpqqch,jtxjlhfirh,oydbfdlfaf,pnuhxrgnqr,zqtezjmxqb,rqjjpwseql,keebdxafsv,wexhxdnqpn,Carter,Carter,Kravis,,Double,
46,5/18/23 11:29:41,5/18/23 11:34:29,placeholderemail@internal.loomis.org,ruvlqaiwxa,,ruvlqaiwxa,placeholderemail@loomis.org,Male,2024,Single;Double;Triple;,,Batchelder;Warham;Taylor;Harman ;Carter ;Kravis ;All Gender Housing;,vzfihfkmzs,itpiavmkuo,olskgkzbbr,wwwjqoacpe,pclgyiyenf,gwdmdhkhnj,cupzwesnqw,slychtrdsx,Harman,Harman,Carter,Double,Double,Single
47,5/17/23 10:03:26,5/18/23 12:01:29,placeholderemail@internal.loomis.org,cupzwesnqw,,cupzwesnqw,placeholderemail@loomis.org,Male,2024,Single;Double;Triple;,gwdmdhkhnj,Batchelder;Warham;Taylor;Kravis ;Harman ;Carter ;All Gender Housing;,xyfozxrmae,qxsmoxgdez,olskgkzbbr,jdphbqtdzj,lpkasoglok,vblgbwxltc,tthhevbaqj,gwdmdhkhnj,Batchelder,Batchelder,Batchelder,,,Double
48,5/18/23 13:29:40,5/18/23 13:37:33,placeholderemail@internal.loomis.org,podvfestsx,,podvfestsx,placeholderemail@loomis.org,Male,2024,Single;Double;Triple;,gnjpgjpxdr,Warham;Batchelder;Taylor;Kravis ;All Gender Housing;Harman ;Carter ;,krgzvwlbcf,akelyhzvvu,nlqqbtwxot,vozcgvsvrv,cvlmwxxeaj,cpkiibhaig,wwwjqoacpe,phvkxcbvvn,Carter,Carter,Warham,,Double,Single
49,5/18/23 13:30:02,5/18/23 13:39:35,placeholderemail@internal.loomis.org,gnjpgjpxdr,,tsngjaybxq,placeholderemail@loomis.org,Male,2024,Single;Double;Triple;,podvfestsx,Warham;Batchelder;Taylor;All Gender Housing;Harman ;Carter ;Kravis ;,nlqqbtwxot,krgzvwlbcf,akelyhzvvu,ynxwpyyhtn,sbakgdqqvm,cvlmwxxeaj,cpkiibhaig,wwwjqoacpe,Kravis,Kravis,Warham,,Single,Single
50,5/18/23 16:09:27,5/18/23 16:33:17,placeholderemail@internal.loomis.org,obxkcxxuxd,,obxkcxxuxd,placeholderemail@loomis.org,Male,2025,Single;Double;Triple;,izhtjplkwy,Batchelder;Warham;Taylor;All Gender Housing;Kravis ;Harman ;Carter ;,slyzogdlcn,gepayqhywk,ynxwpyyhtn,yandbxlnsb,ayshzmvonu,izhtjplkwy,mwncqojjdx,,Harman,Harman,Harman,,Single,
51,5/18/23 10:22:26,5/18/23 17:13:24,placeholderemail@internal.loomis.org,bitvnjcawr,,bitvnjcawr,placeholderemail@loomis.org,Male,2024,Single;Double;Triple;,yandbxlnsb,Batchelder;Taylor;Warham;Carter ;Kravis ;Harman ;All Gender Housing;,yandbxlnsb,ynxwpyyhtn,vslmgsjihw,joaxuqofow,cvlmwxxeaj,slyzogdlcn,,,Taylor,Taylor,Taylor,,,
52,5/18/23 17:22:22,5/18/23 18:05:58,placeholderemail@internal.loomis.org,keebdxafsv,,keebdxafsv,placeholderemail@loomis.org,Male,2025,Single;Double;Triple;,,Harman ;Batchelder;Warham;Taylor;All Gender Housing;Carter ;Kravis ;,,,,,,,,,Carter,Carter,Harman,Single,Double,Single
53,5/18/23 18:52:58,5/18/23 18:57:45,placeholderemail@internal.loomis.org,vzfihfkmzs,,vzfihfkmzs,placeholderemail@loomis.org,Male,2024,Single;Double;Triple;,xatmncxsfe,Batchelder;Warham;Taylor;Kravis ;Carter ;Harman ;All Gender Housing;,ybkmgtjmkd,igzuwfrayg,yymfmnsqcf,stwhwmjgcq,boehwawxfs,mhvvrhuchm,,,AGH,Carter,Batchelder,,Double,Double
54,5/18/23 19:04:58,5/18/23 19:05:04,placeholderemail@internal.loomis.org,yandbxlnsb,,yandbxlnsb,placeholderemail@loomis.org,Male,2024,Single;Double;Triple;,bitvnjcawr,Batchelder;Warham;Taylor;Carter ;Kravis ;Harman ;All Gender Housing;,bitvnjcawr,ynxwpyyhtn,snccwestlt,lxnvdvufqj,vslmgsjihw,joaxuqofow,,,Carter,Carter,Taylor,Double,Double,Double
55,5/18/23 19:14:05,5/18/23 19:19:58,placeholderemail@internal.loomis.org,xwfslbdbnv,,xwfslbdbnv,placeholderemail@loomis.org,Male,2025,Single;Double;Triple;,pnuhxrgnqr,Carter ;Kravis ;Batchelder;Warham;Taylor;Harman ;All Gender Housing;,dckauzivyd,oryckpqqch,pnuhxrgnqr,abtpsxbbsd,rqjjpwseql,nabghmfqlq,czhgtcltfq,plmdujvamk,Carter,Carter,Carter,Double,Double,Single
56,5/18/23 20:18:45,5/18/23 20:23:04,placeholderemail@internal.loomis.org,csbdkempqm,,csbdkempqm,placeholderemail@loomis.org,Male,2025,Single;Double;Triple;,czhgtcltfq,Kravis ;Batchelder;Warham;Taylor;All Gender Housing;Harman ;Carter ;,czhgtcltfq,cupzwesnqw,gwdmdhkhnj,rbfpemhowr,qxsmoxgdez,viujtibxxn,,,Harman,Harman,Harman,Double,Single,
57,5/18/23 20:16:23,5/18/23 20:23:35,placeholderemail@internal.loomis.org,szyefwevnp,,szyefwevnp,placeholderemail@loomis.org,Male,2025,Single;Double;Triple;,,Batchelder;Taylor;Warham;Harman ;Kravis ;Carter ;All Gender Housing;,gjbfhumyeh,stwhwmjgcq,rbfpemhowr,olskgkzbbr,otggohncjd,evigwndgiw,,,Harman,Harman,Harman,,Double,
58,5/18/23 21:02:04,5/18/23 21:03:20,placeholderemail@internal.loomis.org,oogckdxsuo,,oogckdxsuo,placeholderemail@loomis.org,Male,2024,Single;Double;Triple;,fclicpkemb,Warham;Batchelder;Taylor;All Gender Housing;Harman ;Carter ;Kravis ;,fclicpkemb,dsrodjdaly,vyogibmdnb,viujtibxxn,wzsinzeekq,hxeyhpdjhd,,,AGH,Harman,Taylor,,Double,Double
59,5/18/23 21:02:17,5/18/23 21:06:06,placeholderemail@internal.loomis.org,wzsinzeekq,,wzsinzeekq,placeholderemail@loomis.org,Male,2024,Single;Double;Triple;,,Batchelder;Taylor;Warham;All Gender Housing;Harman ;Carter ;Kravis ;,yymfmnsqcf,boehwawxfs,zjlzfcoukk,olskgkzbbr,stwhwmjgcq,myhkamlmoo,,,Harman,Harman,Batchelder,,Double,Double
60,5/18/23 21:51:14,5/18/23 21:53:42,placeholderemail@internal.loomis.org,kuzxyadimh,,kuzxyadimh,placeholderemail@loomis.org,Male,2024,Double;Triple;Single;,lootmugaao,Warham;Batchelder;Taylor;Carter ;Harman ;All Gender Housing;Kravis ;,lootmugaao,hkjinpfjet,ebinsfefcs,zlcfipzqyg,rvtgqljvjf,nvekqbfftf,jdalxedsnp,bxapmyekra,Kravis,Kravis,Kravis,,Double,Double
61,5/18/23 21:50:47,5/18/23 21:54:30,placeholderemail@internal.loomis.org,iozwipzvsb,,iozwipzvsb,placeholderemail@loomis.org,Male,2024,Single;Double;Triple;,,Batchelder;Warham;Taylor;Harman ;Carter ;Kravis ;All Gender Housing;,dtretsxdwm,ebinsfefcs,appidopska,kuzxyadimh,nabghmfqlq,rvtgqljvjf,lootmugaao,jdalxedsnp,AGH,Kravis,Kravis,,Single,Single
62,5/18/23 21:52:44,5/18/23 21:54:44,placeholderemail@internal.loomis.org,czhgtcltfq,,czhgtcltfq,placeholderemail@loomis.org,Male,2025,Single;Double;Triple;,xthymbbmeh,Kravis ;Carter ;Harman ;Batchelder;Taylor;Warham;All Gender Housing;,,,,,,,,,Carter,Kravis,Kravis,Double,Single,Single
63,5/18/23 21:50:59,5/18/23 21:55:33,placeholderemail@internal.loomis.org,ebinsfefcs,,ebinsfefcs,placeholderemail@loomis.org,Male,2024,Single;Double;Triple;,nvekqbfftf,Warham;Batchelder;Taylor;All Gender Housing;Harman ;Carter ;Kravis ;,nvekqbfftf,zlcfipzqyg,hkjinpfjet,jdalxedsnp,lootmugaao,kuzxyadimh,myhkamlmoo,vblqucknqi,Kravis,Kravis,Kravis,Single,Single,Single
64,5/18/23 21:51:05,5/18/23 21:55:35,placeholderemail@internal.loomis.org,akelyhzvvu,,akelyhzvvu,placeholderemail@loomis.org,Male,2024,Single;Triple;Double;,krgzvwlbcf,Warham;Batchelder;Taylor;All Gender Housing;Kravis ;Harman ;Carter ;,krgzvwlbcf,podvfestsx,gnjpgjpxdr,slychtrdsx,vozcgvsvrv,wwwjqoacpe,,,Carter,Carter,Kravis,Double,Double,Single
65,5/18/23 21:50:48,5/18/23 21:55:42,placeholderemail@internal.loomis.org,rfkygcobiu,,rfkygcobiu,placeholderemail@loomis.org,Male,2024,Single;Double;Triple;,qsdxmxlhqf,Batchelder;Taylor;Warham;All Gender Housing;Harman ;Carter ;Kravis ;,abinxvcvtk,hxuqqjiuhp,uyaouceknm,bfkajdwqya,oryckpqqch,becvhzcwxo,vozcgvsvrv,itpiavmkuo,Kravis,Kravis,Kravis,Single,Single,Single
66,5/18/23 21:51:57,5/18/23 21:56:11,placeholderemail@internal.loomis.org,pngssksfdw,,pngssksfdw,placeholderemail@loomis.org,Male,2025,Single;Double;Triple;,,Taylor;Batchelder;Kravis ;Warham;Harman ;Carter ;All Gender Housing;,stwhwmjgcq,pmqcvttzrt,dtretsxdwm,viujtibxxn,prmolasqkb,igzuwfrayg,otggohncjd,wdhnimbrec,Harman,Kravis,Taylor,Double,Single,Single
67,5/18/23 21:50:38,5/18/23 21:56:30,placeholderemail@internal.loomis.org,jdalxedsnp,,jdalxedsnp,placeholderemail@loomis.org,Male,2024,Double;Single;Triple;,rvtgqljvjf,Warham;Batchelder;All Gender Housing;Taylor;Harman ;Carter ;Kravis ;,lootmugaao,kuzxyadimh,ebinsfefcs,rvtgqljvjf,nvekqbfftf,eyeexseuwh,lpjrryndrz,ylduxmoeho,Carter,Kravis,Kravis,Double,Double,Single
68,5/18/23 21:50:42,5/18/23 21:56:53,placeholderemail@internal.loomis.org,abinxvcvtk,,abinxvcvtk,placeholderemail@loomis.org,Male,2025,Single;Double;Triple;,,Batchelder;Taylor;Kravis ;All Gender Housing;Harman ;Carter ;Warham;,qsdxmxlhqf,bfkajdwqya,rfkygcobiu,nabghmfqlq,uyaouceknm,oryckpqqch,,,Harman,Kravis,Batchelder,Double,Double,
69,5/18/23 21:51:09,5/18/23 21:57:28,placeholderemail@internal.loomis.org,mnykkkrvdw,,mnykkkrvdw,placeholderemail@loomis.org,Male,2025,Single;Double;Triple;,,Batchelder;Kravis ;Taylor;Warham;Harman ;Carter ;All Gender Housing;,qxsmoxgdez,dtretsxdwm,rbfpemhowr,czhgtcltfq,xfgejbofwn,nabghmfqlq,vngbwtiyyc,pngssksfdw,Carter,Kravis,Batchelder,Double,Single,Single
70,5/18/23 21:50:52,5/18/23 21:57:38,placeholderemail@internal.loomis.org,nabghmfqlq,,nabghmfqlq,placeholderemail@loomis.org,Male,2025,Single;Double;Triple;,bfkajdwqya,Batchelder;Taylor;Kravis ;Harman ;Carter ;Warham;All Gender Housing;,bxapmyekra,appidopska,rbfpemhowr,dtretsxdwm,pnuhxrgnqr,mnykkkrvdw,jgzdkskbbg,oryckpqqch,Harman,Kravis,Batchelder,Double,Double,
71,5/18/23 21:50:43,5/18/23 21:57:43,placeholderemail@internal.loomis.org,ayshzmvonu,,ayshzmvonu,placeholderemail@loomis.org,Male,2025,Single;Double;Triple;,,Harman ;Carter ;Kravis ;Taylor;Batchelder;Warham;All Gender Housing;,vrebhriknj,vrebhriknj,vrebhriknj,vrebhriknj,vrebhriknj,vrebhriknj,vrebhriknj,vrebhriknj,Carter,Kravis,Harman,Double,Double,
72,5/18/23 21:51:42,5/18/23 21:57:43,placeholderemail@internal.loomis.org,becvhzcwxo,,becvhzcwxo,placeholderemail@loomis.org,Male,2024,Single;Double;Triple;,wcqvmcweiz,Batchelder;Taylor;All Gender Housing;Warham;Carter ;Harman ;Kravis ;,nxxxjqvpdt,nlqqbtwxot,vslmgsjihw,tolnazmkin,ynxwpyyhtn,ygpmwszkuo,rkjkmkbvzt,phfuvttebv,Harman,Harman,Kravis,Double,Single,Single
73,5/18/23 21:52:56,5/18/23 21:57:54,placeholderemail@internal.loomis.org,rbfpemhowr,,rbfpemhowr,placeholderemail@loomis.org,Male,2025,Single;Double;Triple;, ,Batchelder;Taylor;All Gender Housing;Kravis ;Warham;Harman ;Carter ;,stwhwmjgcq,gjbfhumyeh,prmolasqkb,otggohncjd,jllyydygsq,viujtibxxn,evigwndgiw,jlmvpsttah,Harman,Kravis,Harman,Double,Double,
74,5/18/23 21:51:36,5/18/23 21:58:17,placeholderemail@internal.loomis.org,gepayqhywk,,gepayqhywk,placeholderemail@loomis.org,Male,2025,Single;Double;Triple;,slyzogdlcn,Batchelder;Taylor;Kravis ;Carter ;Harman ;Warham;All Gender Housing;,slyzogdlcn,uyaouceknm,lmmmanmyip,jklcgislec,lwrocvifhl,ayshzmvonu,jtxjlhfirh,bfkajdwqya,Kravis,Kravis,Batchelder,Double,Double,
75,5/18/23 21:50:44,5/18/23 21:58:23,placeholderemail@internal.loomis.org,phfuvttebv,,phfuvttebv,placeholderemail@loomis.org,Male,2025,Single;Double;Triple;,,Harman ;Batchelder;Taylor;Warham;Kravis ;Carter ;All Gender Housing;,,,,,,,,,Harman,Carter,Harman,Double,Double,
76,5/18/23 21:50:44,5/18/23 21:58:30,placeholderemail@internal.loomis.org,oryckpqqch,,oryckpqqch,placeholderemail@loomis.org,Male,2025,Single;Double;Triple;,hxuqqjiuhp,Kravis ;Batchelder;Taylor;Warham;Carter ;Harman ;All Gender Housing;,abtpsxbbsd,plmdujvamk,pnuhxrgnqr,bfkajdwqya,abinxvcvtk,mqrxwoweby,qsdxmxlhqf,czhgtcltfq,Kravis,Kravis,Kravis,Single,Single,Single
77,5/18/23 21:52:39,5/18/23 21:58:34,placeholderemail@internal.loomis.org,qxsmoxgdez,,qxsmoxgdez,placeholderemail@loomis.org,Male,2025,Single;Double;Triple;,cupzwesnqw,Batchelder;Kravis ;Taylor;Warham;Harman ;Carter ;All Gender Housing;,gwdmdhkhnj,ylduxmoeho,dtretsxdwm,mnykkkrvdw,nabghmfqlq,vngbwtiyyc,czhgtcltfq,xfgejbofwn,Kravis,Kravis,Batchelder,Double,Double,Single
78,5/18/23 21:50:57,5/18/23 21:58:58,placeholderemail@internal.loomis.org,bfkajdwqya,,bfkajdwqya,placeholderemail@loomis.org,Male,2025,Single;Double;Triple;,nabghmfqlq,Batchelder;Kravis ;Warham;Taylor;Carter ;Harman ;All Gender Housing;,oryckpqqch,abinxvcvtk,nabghmfqlq,qsdxmxlhqf,jklcgislec,xwfslbdbnv,keebdxafsv,mqrxwoweby,Harman,Kravis,Batchelder,Double,Double,
79,5/18/23 21:50:39,5/18/23 21:59:03,placeholderemail@internal.loomis.org,nvekqbfftf,,nvekqbfftf,placeholderemail@loomis.org,Male,2024,Single;Double;Triple;,ebinsfefcs,Warham;Batchelder;Kravis ;Harman ;Carter ;Taylor;All Gender Housing;,ebinsfefcs,lootmugaao,myhkamlmoo,jdalxedsnp,zlcfipzqyg,dsrodjdaly,hkjinpfjet,jdalxedsnp,Kravis,Kravis,Kravis,Single,Single,Single
80,5/18/23 21:50:52,5/18/23 21:59:20,placeholderemail@internal.loomis.org,bxapmyekra,,bxapmyekra,placeholderemail@loomis.org,Male,2024,Single;Double;Triple;,zlcfipzqyg,Warham;Batchelder;Taylor;Kravis ;Carter ;Harman ;All Gender Housing;,zlcfipzqyg,nabghmfqlq,rvtgqljvjf,hkjinpfjet,kuzxyadimh,jdalxedsnp,lootmugaao,ebinsfefcs,Kravis,Kravis,Kravis,,,Single
81,5/18/23 21:51:11,5/18/23 21:59:24,placeholderemail@internal.loomis.org,krgzvwlbcf,,krgzvwlbcf,placeholderemail@loomis.org,Male,2024,Single;Triple;Double;,akelyhzvvu,Warham;Batchelder;Taylor;All Gender Housing;Harman ;Carter ;Kravis ;,akelyhzvvu,podvfestsx,gnjpgjpxdr,vozcgvsvrv,nlqqbtwxot,wwwjqoacpe,cpkiibhaig,phvkxcbvvn,Carter,Carter,Kravis,,Double,Single
82,5/18/23 21:56:14,5/18/23 21:59:35,placeholderemail@internal.loomis.org,pzwquisjkz,,pzwquisjkz,placeholderemail@loomis.org,Male,2025,Single;Double;Triple;,,Taylor;Batchelder;All Gender Housing;Warham;Harman ;Carter ;Kravis ;,,,,,,,,,Harman,Kravis,AGH,Double,Single,
83,5/18/23 21:51:10,5/18/23 22:00:03,placeholderemail@internal.loomis.org,hkjinpfjet,,hkjinpfjet,placeholderemail@loomis.org,Male,2024,Single;Double;Triple;,vblqucknqi,Warham;Batchelder;Taylor;Kravis ;All Gender Housing;Harman ;Carter ;,vblqucknqi,kuzxyadimh,rvtgqljvjf,dsrodjdaly,bjzlgnvzoo,jdalxedsnp,ebinsfefcs,myhkamlmoo,Kravis,Kravis,Kravis,Double,Single,Single
84,5/18/23 21:51:02,5/18/23 22:00:06,placeholderemail@internal.loomis.org,hxuqqjiuhp,,hxuqqjiuhp,placeholderemail@loomis.org,Male,2025,Single;Double;Triple;,oryckpqqch,Harman ;Warham;All Gender Housing;Carter ;Taylor;Batchelder;Kravis ;,ikwlbxtycw,cevfqvxyey,cqavnitzeg,wpqvnimolp,zrkgmzkmuv,phfuvttebv,ayshzmvonu,uyaouceknm,Harman,Kravis,Harman,Double,Double,
85,5/18/23 21:50:48,5/18/23 22:00:29,placeholderemail@internal.loomis.org,slyzogdlcn,,slyzogdlcn,placeholderemail@loomis.org,Male,2025,Single;Double;Triple;,gepayqhywk,Batchelder;Taylor;Kravis ;All Gender Housing;Harman ;Carter ;Warham;,obxkcxxuxd,izhtjplkwy,lmmmanmyip,uyaouceknm,ayshzmvonu,jtxjlhfirh,mwncqojjdx,xthymbbmeh,Carter,Kravis,Batchelder,Double,Double,
86,5/18/23 21:57:24,5/18/23 22:00:29,placeholderemail@internal.loomis.org,ylduxmoeho,,ylduxmoeho,placeholderemail@loomis.org,Male,2024,Single;Double;Triple;,ebinsfefcs,Warham;Batchelder;Taylor;Carter ;Kravis ;Harman ;All Gender Housing;,ebinsfefcs,nvekqbfftf,zlcfipzqyg,hkjinpfjet,lootmugaao,jdalxedsnp,lpjrryndrz,myhkamlmoo,Kravis,Carter,Kravis,Single,Single,Single
87,5/18/23 21:50:42,5/18/23 22:00:44,placeholderemail@internal.loomis.org,xthymbbmeh,,eexvccikcc,placeholderemail@loomis.org,Male,2025,Single;Double;Triple;,,Carter ;Batchelder;Taylor;All Gender Housing;Harman ;Kravis ;Warham;,,,,,,,,,Kravis,Kravis,Carter,Double,Single,
88,5/18/23 21:53:31,5/18/23 22:00:46,placeholderemail@internal.loomis.org,rvtgqljvjf,,rvtgqljvjf,placeholderemail@loomis.org,Male,2024,Double;Single;Triple;,jdalxedsnp,Warham;Batchelder;Taylor;Kravis ;Carter ;Harman ;All Gender Housing;,jdalxedsnp,lootmugaao,hkjinpfjet,ebinsfefcs,nvekqbfftf,zlcfipzqyg,eyeexseuwh,kuzxyadimh,Kravis,Kravis,Kravis,,,Single
89,5/18/23 21:50:41,5/18/23 22:01:01,placeholderemail@internal.loomis.org,rkjkmkbvzt,,rkjkmkbvzt,placeholderemail@loomis.org,Male,2025,Single;Double;Triple;,gepayqhywk,Batchelder;Taylor;All Gender Housing;Kravis ;Harman ;Carter ;Warham;,hxuqqjiuhp,oryckpqqch,abinxvcvtk,becvhzcwxo,wexhxdnqpn,gepayqhywk,lwrocvifhl,bfkajdwqya,Harman,Kravis,Batchelder,Double,Double,
90,5/18/23 21:51:30,5/18/23 22:01:08,placeholderemail@internal.loomis.org,lootmugaao,,lootmugaao,placeholderemail@loomis.org,Male,2024,Double;Single;Triple;,kuzxyadimh,Warham;Batchelder;All Gender Housing;Taylor;Harman ;Carter ;Kravis ;,ylduxmoeho,jdalxedsnp,lpjrryndrz,nvekqbfftf,ebinsfefcs,rvtgqljvjf,yymfmnsqcf,bxapmyekra,Kravis,Kravis,Kravis,,Double,Double
91,5/18/23 21:51:13,5/18/23 22:01:30,placeholderemail@internal.loomis.org,vozcgvsvrv,,vozcgvsvrv,placeholderemail@loomis.org,Male,2024,Single;Triple;Double;,itpiavmkuo,Batchelder;Warham;Taylor;All Gender Housing;Harman ;Carter ;Kravis ;,itpiavmkuo,wwwjqoacpe,cpkiibhaig,akelyhzvvu,krgzvwlbcf,olskgkzbbr,vzfihfkmzs,ruvlqaiwxa,Carter,Carter,Kravis,Double,Double,Single
92,5/18/23 21:50:40,5/18/23 22:01:36,placeholderemail@internal.loomis.org,uyaouceknm,,uyaouceknm,placeholderemail@loomis.org,Male,2025,Single;Double;Triple;,lmmmanmyip,Batchelder;Taylor;Kravis ;All Gender Housing;Harman ;Warham;Carter ;,slyzogdlcn,gepayqhywk,qsdxmxlhqf,oryckpqqch,jklcgislec,pclgyiyenf,bfkajdwqya,abinxvcvtk,Kravis,Kravis,Batchelder,Double,Double,
93,5/17/23 20:51:57,5/18/23 22:01:43,placeholderemail@internal.loomis.org,zlcfipzqyg,,zlcfipzqyg,placeholderemail@loomis.org,Male,2024,Single;Double;Triple;,ebinsfefcs,Warham;Batchelder;Taylor;Harman ;Carter ;Kravis ;All Gender Housing;,lootmugaao,ebinsfefcs,dsrodjdaly,vblqucknqi,kuzxyadimh,rvtgqljvjf,myhkamlmoo,bxapmyekra,Kravis,Kravis,Kravis,,Single,Single
94,5/18/23 21:50:56,5/18/23 22:02:00,placeholderemail@internal.loomis.org,xfgejbofwn,,xfgejbofwn,placeholderemail@loomis.org,Male,2025,Single;Double;Triple;,,Kravis ;Batchelder;Taylor;Harman ;Carter ;Warham;All Gender Housing;,pnuhxrgnqr,qxsmoxgdez,djjkjscixr,dtretsxdwm,yactfvtlhi,mwncqojjdx,mqrxwoweby,odwbmtcjdu,Carter,Kravis,Kravis,Double,Single,Single
95,5/18/23 21:50:58,5/18/23 22:03:58,placeholderemail@internal.loomis.org,appidopska,,appidopska,placeholderemail@loomis.org,Male,2025,Single;Double;Triple;,xfgejbofwn,Batchelder;Taylor;Kravis ;Carter ;Harman ;Warham;All Gender Housing;,nabghmfqlq,dtretsxdwm,vngbwtiyyc,oryckpqqch,pnuhxrgnqr,xwfslbdbnv,,,Carter,Kravis,Carter,Double,Single,
96,5/18/23 21:51:08,5/18/23 22:07:49,placeholderemail@internal.loomis.org,lmmmanmyip,,lmmmanmyip,placeholderemail@loomis.org,Male,2025,Single;Double;Triple;,uyaouceknm,Batchelder;Taylor;Kravis ;Harman ;Carter ;All Gender Housing;Warham;,slyzogdlcn,gepayqhywk,uyaouceknm,lwrocvifhl,obxkcxxuxd,jklcgislec,jtxjlhfirh,izhtjplkwy,Kravis,Kravis,Batchelder,Double,Double,
97,5/18/23 21:50:44,5/18/23 22:10:40,placeholderemail@internal.loomis.org,lwrocvifhl,,lwrocvifhl,placeholderemail@loomis.org,Male,2025,Single;Double;Triple;,phfuvttebv,Batchelder;Taylor;All Gender Housing;Warham;Carter ;Kravis ;Harman ;,jklcgislec,nlqqbtwxot,lmmmanmyip,gepayqhywk,slyzogdlcn,phvkxcbvvn,pclgyiyenf,phfuvttebv,Carter,Kravis,Batchelder,Double,Double,
98,5/18/23 22:00:11,5/18/23 22:11:33,placeholderemail@internal.loomis.org,vngbwtiyyc,,vngbwtiyyc,placeholderemail@loomis.org,Male,2025,Single;Double;Triple;,viujtibxxn,Batchelder;Taylor;Warham;All Gender Housing;Kravis ;Harman ;Carter ;,dtretsxdwm,viujtibxxn,rbfpemhowr,otggohncjd,oryckpqqch,ylduxmoeho,uyaouceknm,appidopska,Kravis,Kravis,Batchelder,Double,Double,Single
99,5/18/23 21:50:44,5/18/23 22:12:34,placeholderemail@internal.loomis.org,dtretsxdwm,,dtretsxdwm,placeholderemail@loomis.org,Male,2025,Single;Triple;Double;,appidopska,Batchelder;Taylor;Kravis ;Warham;All Gender Housing;Carter ;Harman ;,appidopska,vngbwtiyyc,rbfpemhowr,nabghmfqlq,viujtibxxn,nabghmfqlq,uyaouceknm,,Kravis,Kravis,Batchelder,Single,Double,
100,5/18/23 22:01:43,5/18/23 22:14:16,placeholderemail@internal.loomis.org,vylkcgkkfd,,vylkcgkkfd,placeholderemail@loomis.org,Non-Binary,2025,Single;Double;Triple;,,All Gender Housing;Batchelder;Taylor;Warham;Carter ;Harman ;Kravis ;,tolnazmkin,pmmlwckvaz,snyuzrcqpi,nrkqulloar,crupklwozz,bgigskwdsi,fplqtacsnn,wxlcsueepe,AGH,AGH,AGH,,Single,
101,5/18/23 22:04:02,5/18/23 22:19:48,placeholderemail@internal.loomis.org,bfcalmegxu,,bfcalmegxu,placeholderemail@loomis.org,Male,2025,Single;Double;Triple;,nxxxjqvpdt,Batchelder;Warham;All Gender Housing;Taylor;Harman ;Carter ;Kravis ;,nxxxjqvpdt,evigwndgiw,olskgkzbbr,gjbfhumyeh,appidopska,viujtibxxn,,,AGH,AGH,AGH,Single,Single,
102,5/18/23 22:15:20,5/18/23 22:20:01,placeholderemail@internal.loomis.org,myhkamlmoo,,myhkamlmoo,placeholderemail@loomis.org,Male,2024,Single;Double;Triple;,ebinsfefcs,Warham;Batchelder;Taylor;Harman ;Carter ;Kravis ;All Gender Housing;,hkjinpfjet,zlcfipzqyg,ebinsfefcs,nvekqbfftf,lootmugaao,vblqucknqi,,,Batchelder,Batchelder,Batchelder,,,Single
103,5/18/23 22:19:29,5/18/23 22:30:42,placeholderemail@internal.loomis.org,tolnazmkin,,tolnazmkin,placeholderemail@loomis.org,Self-Identify,2025,Single;Double;Triple;,,All Gender Housing;Batchelder;Taylor;Warham;Harman ;Carter ;Kravis ;,blkiyukzhl,txnwmmnvdy,cwxlilqmtq,pmmlwckvaz,xbjmkdlsup,sodfodpydi,fplqtacsnn,wafgqrjmjz,AGH,AGH,AGH,Single,Single,
104,5/18/23 22:26:58,5/18/23 22:34:37,placeholderemail@internal.loomis.org,sbakgdqqvm,,vslmgsjihw,placeholderemail@loomis.org,Male,2024,Triple;Single;Double;,nlqqbtwxot,Taylor;Batchelder;Warham;All Gender Housing;Harman ;Carter ;Kravis ;,yandbxlnsb,ynxwpyyhtn,bitvnjcawr,gnjpgjpxdr,cvlmwxxeaj,joaxuqofow,ygpmwszkuo,becvhzcwxo,Carter,Carter,Taylor,Double,Double,Double
105,5/19/23 0:17:39,5/19/23 0:18:25,placeholderemail@internal.loomis.org,slychtrdsx,,slychtrdsx,placeholderemail@loomis.org,Male,2024,Single;Double;Triple;,akelyhzvvu,Warham;All Gender Housing;Batchelder;Taylor;Kravis ;Harman ;Carter ;,akelyhzvvu,podvfestsx,vozcgvsvrv,bcfxrtpylu,kuzxyadimh,dsrodjdaly,fclicpkemb,krgzvwlbcf,Kravis,Kravis,Harman,Double,Single,Double
106,5/19/23 1:15:53,5/19/23 1:20:22,placeholderemail@internal.loomis.org,jgzdkskbbg,,jgzdkskbbg,placeholderemail@loomis.org,Male,2025,Single;Double;Triple;,zrkgmzkmuv,Harman ;Batchelder;Warham;Taylor;Carter ;Kravis ;All Gender Housing;,cevfqvxyey,qzmqtaktyu,cymbwjfhce,ikwlbxtycw,zqtezjmxqb,mcvwmjrxnk,,,Harman,Harman,Harman,,Single,
107,5/19/23 11:00:31,5/19/23 11:07:04,placeholderemail@internal.loomis.org,olskgkzbbr,,olskgkzbbr,placeholderemail@loomis.org,Male,2024,Single;Double;Triple;,mlxwqdyepo,Batchelder;All Gender Housing;Warham;Taylor;Harman ;Carter ;Kravis ;,gwdmdhkhnj,cupzwesnqw,ewntpfzyba,szyefwevnp,nxxxjqvpdt,rvtgqljvjf,,,Kravis,Kravis,Harman,,Double,Single
108,5/22/23 15:31:02,5/22/23 15:37:13,placeholderemail@internal.loomis.org,lxnvdvufqj,,lxnvdvufqj,placeholderemail@loomis.org,Male,2024,Single;Double;Triple;,ghtktpttzi,Batchelder;Warham;Taylor;Harman ;Carter ;Kravis ;All Gender Housing;,vyogibmdnb,hxeyhpdjhd,qsdxmxlhqf,snccwestlt,aiyuxwopbd,aeihihgcsk,aeihihgcsk,vfsjrrpblb,Harman,Harman,Batchelder,Double,Double,Double
109,5/22/23 16:00:04,5/22/23 16:01:53,placeholderemail@internal.loomis.org,snccwestlt,,ghtktpttzi,placeholderemail@loomis.org,Male,2024,Single;Double;Triple;,lxnvdvufqj,Batchelder;Warham;Taylor;Harman ;Carter ;Kravis ;All Gender Housing;,lxnvdvufqj,abinxvcvtk,nabghmfqlq,vyogibmdnb,wexhxdnqpn,slychtrdsx,appidopska,hxeyhpdjhd,AGH,Harman,Batchelder,,Single,Double
110,5/22/23 16:18:28,5/22/23 16:20:58,placeholderemail@internal.loomis.org,,,vfsjrrpblb,placeholderemail@loomis.org,Male,2024,Single;Double;Triple;,wdhnimbrec,Warham;Batchelder;Taylor;All Gender Housing;Harman ;Carter ;Kravis ;,ftdnmdphal,ygpmwszkuo,vyogibmdnb,bcfxrtpylu,itpiavmkuo,cpkiibhaig,,,Carter,Carter,Harman,Double,Double,Single
111,5/23/23 9:29:40,5/23/23 9:34:16,placeholderemail@internal.loomis.org,wwwjqoacpe,,wwwjqoacpe,placeholderemail@loomis.org,Male,2024,Single;Double;Triple;,itpiavmkuo,Carter ;Warham;Taylor;Harman ;Batchelder;Kravis ;All Gender Housing;,itpiavmkuo,vozcgvsvrv,krgzvwlbcf,akelyhzvvu,cpkiibhaig,pclgyiyenf,,,Harman,Carter,Batchelder,Double,Double,Double
112,5/24/23 0:14:26,5/24/23 0:21:37,placeholderemail@internal.loomis.org,aiyuxwopbd,,aiyuxwopbd,placeholderemail@loomis.org,Male,2024,Single;Double;Triple;,eyeexseuwh,Warham;Batchelder;Taylor;Harman ;Kravis ;Carter ;All Gender Housing;,myhkamlmoo,eyeexseuwh,hkjinpfjet,ebinsfefcs,yymfmnsqcf,jdalxedsnp,zjlzfcoukk,vzfihfkmzs,Carter,Carter,Batchelder,,Double,Double
113,5/26/23 12:00:18,5/26/23 12:05:44,placeholderemail@internal.loomis.org,cvlmwxxeaj,,cvlmwxxeaj,placeholderemail@loomis.org,Male,2024,Single;Double;Triple;,,Taylor;Batchelder;All Gender Housing;Warham;Harman ;Carter ;Kravis ;,cpkiibhaig,gnjpgjpxdr,jklcgislec,krgzvwlbcf,podvfestsx,rkjkmkbvzt,,,Harman,Harman,Taylor,Double,Single,Double
114,5/27/23 17:19:30,5/27/23 17:26:18,placeholderemail@internal.loomis.org,nxxxjqvpdt,,nxxxjqvpdt,placeholderemail@loomis.org,Male,2024,Double;Triple;Single;,bfcalmegxu,Batchelder;Taylor;All Gender Housing;Warham;Harman ;Carter ;Kravis ;,becvhzcwxo,iejcyudpnr,olskgkzbbr,,,,,,Harman,Harman,Harman,Single,Single,Single
115,5/29/23 10:13:20,5/29/23 10:25:18,placeholderemail@internal.loomis.org,sinxcnwkws,,sinxcnwkws,placeholderemail@loomis.org,Male,2024,Single;Double;Triple;,eyeexseuwh,Warham;Batchelder;Taylor;All Gender Housing;Harman ;Carter ;Kravis ;,podvfestsx,mwncqojjdx,eyeexseuwh,,,,,,Harman,Carter,Warham,Double,Single,Single
116,5/24/23 21:48:42,5/30/23 9:05:24,placeholderemail@internal.loomis.org,mizokvpyok,,mizokvpyok,placeholderemail@loomis.org,Male,2024,Single;Double;Triple;,ycqtqfotsy,Warham;All Gender Housing;Taylor;Batchelder;Harman ;Carter ;Kravis ;,hxeyhpdjhd,myhkamlmoo,vyogibmdnb,ftdnmdphal,slychtrdsx,eyeexseuwh,,,Harman,Harman,Warham,,Double,Double
117,5/30/23 22:09:58,5/30/23 22:27:33,placeholderemail@internal.loomis.org,cjrtnelnvy,,cjrtnelnvy,placeholderemail@loomis.org,Male,2024,Single;Double;Triple;,cvlmwxxeaj,Taylor;Batchelder;Warham;Kravis ;Carter ;Harman ;All Gender Housing;,jklcgislec,nlqqbtwxot,pclgyiyenf,vslmgsjihw,cvlmwxxeaj,krgzvwlbcf,cpkiibhaig,,Harman,Harman,Taylor,,Single,Double
118,5/31/23 12:23:56,5/31/23 12:37:15,placeholderemail@internal.loomis.org,ewntpfzyba,,ewntpfzyba,placeholderemail@loomis.org,Male,2024,Single;Double;Triple;,olskgkzbbr,Batchelder;Warham;Taylor;Kravis ;Harman ;Carter ;All Gender Housing;,olskgkzbbr,rvtgqljvjf,dsrodjdaly,uttuuhzkaa,wzsinzeekq,cupzwesnqw,gwdmdhkhnj,cnxthrrrox,Carter,Kravis,Taylor,Double,Single,Single
119,5/31/23 12:49:10,5/31/23 12:54:02,placeholderemail@internal.loomis.org,joaxuqofow,,irexrursvb,placeholderemail@loomis.org,Male,2024,Single;Double;Triple;,,Taylor;Batchelder;Warham;Carter ;Harman ;Kravis ;All Gender Housing;,nlqqbtwxot,yandbxlnsb,bitvnjcawr,krgzvwlbcf,vjlxftlrtv,vslmgsjihw,,,Carter,Carter,Taylor,Double,Double,Single
120,5/31/23 13:04:15,5/31/23 13:10:56,placeholderemail@internal.loomis.org,dsrodjdaly,,dsrodjdaly,placeholderemail@loomis.org,Male,2024,Single;Double;Triple;,uttuuhzkaa,Warham;Batchelder;All Gender Housing;Kravis ;Taylor;Harman ;Carter ;,hkjinpfjet,oogckdxsuo,zlcfipzqyg,nvekqbfftf,ebinsfefcs,ylduxmoeho,kuzxyadimh,fclicpkemb,Kravis,Kravis,Taylor,Single,Single,Double
121,5/31/23 18:59:20,5/31/23 19:36:35,placeholderemail@internal.loomis.org,eyeexseuwh,,eyeexseuwh,placeholderemail@loomis.org,Male,2024,Single;Double;Triple;,aiyuxwopbd,Warham;Batchelder;Taylor;Harman ;Carter ;Kravis ;All Gender Housing;,aiyuxwopbd,hkjinpfjet,zlcfipzqyg,lootmugaao,kuzxyadimh,vblqucknqi,ylduxmoeho,yymfmnsqcf,Harman,Harman,Warham,Double,Double,Single
122,5/31/23 22:20:54,5/31/23 22:27:35,placeholderemail@internal.loomis.org,uttuuhzkaa,,uttuuhzkaa,placeholderemail@loomis.org,Male,2024,Single;Double;Triple;,eyeexseuwh,Warham;Batchelder;Taylor;All Gender Housing;Harman ;Carter ;Kravis ;,dsrodjdaly,eyeexseuwh,hkjinpfjet,ycqtqfotsy,zlcfipzqyg,otggohncjd,olskgkzbbr,ewntpfzyba,Carter,Carter,Warham,Double,Double,Single
1,5/16/23 20:11,5/16/23 20:22,placeholderemail@internal.loomis.org,tjdzacilcs,,tjdzacilcs,placeholderemail@loomis.org,Male,2026,Double;Single;Triple;,wbhiwfljhz,Kravis;Harman;All Gender Housing;Carter;,izhtjplkwy,hqgbticsho,rdoqxnynym,dckauzivyd,jtxjlhfirh,ingzdagbfq, ,,Carter,,,Double,,
2,5/16/23 20:14,5/16/23 20:23,placeholderemail@internal.loomis.org,wbhiwfljhz,,wbhiwfljhz,placeholderemail@loomis.org,Male,2026,Double;Single;Triple;,tjdzacilcs,Kravis;Harman;Carter;All Gender Housing;,tjdzacilcs,izhtjplkwy,xjzkvdeogx,abtpsxbbsd,jtxjlhfirh,xwfslbdbnv,,,Carter,,,Double,,
3,5/16/23 20:12,5/16/23 20:24,placeholderemail@internal.loomis.org,ingzdagbfq,,ingzdagbfq,placeholderemail@loomis.org,Male,2026,Single;Double;Triple;,jyqmckrvio,Kravis;Carter;Harman;All Gender Housing;,xwqeberzkd,fiimxyjpkg,mamomhjbfn,abtpsxbbsd,plmdujvamk,qzmqtaktyu,qylvnjsakk,xjzkvdeogx,Carter,,,Double,,
4,5/16/23 20:11,5/16/23 20:24,placeholderemail@internal.loomis.org,xwqeberzkd,,xwqeberzkd,placeholderemail@loomis.org,Male,2026,Single;Double;Triple;,dqlzxfqgcs,Kravis;Harman;Carter;All Gender Housing;,ingzdagbfq,fiimxyjpkg,nijghfmvjm,plmdujvamk,qzmqtaktyu,abtpsxbbsd,mamomhjbfn,zyeoyrwwsr,Carter,,,Double,,
5,5/16/23 20:51,5/16/23 21:00,placeholderemail@internal.loomis.org,plmdujvamk,,plmdujvamk,placeholderemail@loomis.org,Male,2026,Single;Double;Triple;,abtpsxbbsd,Kravis;Carter;Harman;All Gender Housing;,abtpsxbbsd,pnuhxrgnqr,xwqeberzkd,czhgtcltfq,oryckpqqch,jtxjlhfirh,xjzkvdeogx,idhtijzdws,Carter,,,Double,,
7,5/16/23 22:09,5/16/23 22:19,placeholderemail@internal.loomis.org,fiimxyjpkg,,fiimxyjpkg,placeholderemail@loomis.org,Male,2026,Double;Single;Triple;,fqpfxgjjat,Kravis;Carter;Harman;All Gender Housing;,xwqeberzkd,ingzdagbfq,nijghfmvjm,xjzkvdeogx,dqlzxfqgcs,zyeoyrwwsr,plmdujvamk,abtpsxbbsd,Carter,,,Double,,
8,5/16/23 22:39,5/16/23 22:40,placeholderemail@internal.loomis.org,xjzkvdeogx,,xjzkvdeogx,placeholderemail@loomis.org,Male,2026,Double;Triple;Single;,idhtijzdws,Kravis;Carter;Harman;All Gender Housing;,abtpsxbbsd,vzmgkaufvr,dckauzivyd,jtxjlhfirh,fiimxyjpkg,fqpfxgjjat,ckfehhocqf,riglhhdfnn,Carter,,,Double,,
9,5/16/23 22:31,5/16/23 22:49,placeholderemail@internal.loomis.org,zyeoyrwwsr,,zyeoyrwwsr,placeholderemail@loomis.org,Male,2026,Double;Single;Triple;,lrwrhrrubs,Kravis;Harman;Carter;All Gender Housing;,ytidtdvisb,ndeyzhrpqv,jfmfhpuuwh,dqlzxfqgcs,djjkjscixr,ingzdagbfq,xwqeberzkd,fiimxyjpkg,Carter,,,Double,,
10,5/16/23 20:21,5/16/23 22:55,placeholderemail@internal.loomis.org,dckauzivyd,,dckauzivyd,placeholderemail@loomis.org,Male,2026,Double;Single;Triple;,abtpsxbbsd,Kravis;Carter;All Gender Housing;Harman;,xwfslbdbnv,cymbwjfhce,pnuhxrgnqr,xjzkvdeogx,odwbmtcjdu,viujtibxxn,cqavnitzeg,nabghmfqlq,Carter,,,Double,,
11,5/16/23 22:51,5/16/23 22:56,placeholderemail@internal.loomis.org,abtpsxbbsd,,abtpsxbbsd,placeholderemail@loomis.org,Male,2026,Double;Single;Triple;,dckauzivyd,Kravis;Carter;Harman;All Gender Housing;,xjzkvdeogx,pnuhxrgnqr,fiimxyjpkg,dckauzivyd,zyeoyrwwsr,oryckpqqch,apqxqsijpe,idhtijzdws,Carter,,,Double,,
12,5/16/23 20:12,5/17/23 19:42,placeholderemail@internal.loomis.org,odwbmtcjdu,,odwbmtcjdu,placeholderemail@loomis.org,Male,2026,Double;Single;Triple;,nijghfmvjm,Kravis;Harman;Carter;All Gender Housing;,ytidtdvisb,xwqeberzkd,plmdujvamk,vyinbkqgpt,fiimxyjpkg,abtpsxbbsd,djjkjscixr,zyeoyrwwsr,Carter,,,Double,,
13,5/17/23 19:57,5/17/23 20:01,placeholderemail@internal.loomis.org,dqlzxfqgcs,,dqlzxfqgcs,placeholderemail@loomis.org,Male,2026,Single;Double;Triple;,apqxqsijpe,Kravis;Carter;Harman;All Gender Housing;,apqxqsijpe,xwqeberzkd,ndeyzhrpqv,hujdefvdtk,otggohncjd,jfmfhpuuwh,zyeoyrwwsr,vyinbkqgpt,Carter,,,Double,,
14,5/17/23 21:01,5/17/23 21:08,placeholderemail@internal.loomis.org,jfmfhpuuwh,,jfmfhpuuwh,placeholderemail@loomis.org,Male,2026,Single;Double;Triple;,lrwrhrrubs,Kravis;Harman;Carter;All Gender Housing;,zyeoyrwwsr,dqlzxfqgcs,lrwrhrrubs,ndeyzhrpqv,xwqeberzkd,fiimxyjpkg,djjkjscixr,ytidtdvisb,Carter,,,Double,,
15,5/17/23 21:36,5/17/23 21:40,placeholderemail@internal.loomis.org,hujdefvdtk,,hujdefvdtk,placeholderemail@loomis.org,Male,2026,Single;Double;Triple;,vlkujszemy,Kravis;Harman;Carter;All Gender Housing;,nijghfmvjm,ingzdagbfq,prmolasqkb,vlkujszemy,qwbosycobl,mucjxnlmok,jlmvpsttah,ckfehhocqf,Harman,,,Double,,
16,5/17/23 21:36,5/17/23 21:40,placeholderemail@internal.loomis.org,vlkujszemy,,vlkujszemy,placeholderemail@loomis.org,Male,2026,Single;Double;Triple;,hujdefvdtk,Kravis;Harman;All Gender Housing;Carter;,hujdefvdtk,qwbosycobl,mucjxnlmok,prmolasqkb,ckfehhocqf,nijghfmvjm,jlmvpsttah,ingzdagbfq,Harman,,,Double,,
17,5/17/23 21:31,5/17/23 21:42,placeholderemail@internal.loomis.org,mbzdcealbu,,mbzdcealbu,placeholderemail@loomis.org,Male,2026,Single;Double;Triple;,kgfebparve,Harman;Carter;All Gender Housing;Kravis;,kgfebparve,ytidtdvisb,terljjvubz,viujtibxxn,evigwndgiw,pmqcvttzrt,jgzdkskbbg,zrkgmzkmuv,Harman,,,Double,,
18,5/17/23 21:30,5/17/23 21:43,placeholderemail@internal.loomis.org,kgfebparve,,kgfebparve,placeholderemail@loomis.org,Male,2026,Single;Double;Triple;,mbzdcealbu,Harman;Kravis;Carter;All Gender Housing;,jgzdkskbbg,zrkgmzkmuv,mbzdcealbu,ytidtdvisb,plmdujvamk,nxuqbqwdmt,qzmqtaktyu,terljjvubz,Harman,,,Single,,
19,5/17/23 21:38,5/17/23 21:45,placeholderemail@internal.loomis.org,mjkzqzjxdq,,mjkzqzjxdq,placeholderemail@loomis.org,Male,2026,Double;Single;Triple;,dinlxnumic,Harman;Carter;Kravis;All Gender Housing;,dinlxnumic,cevfqvxyey,ikwlbxtycw,wpqvnimolp,ukbcoilmwr,qzmqtaktyu,zqtezjmxqb,cqavnitzeg,Harman,,,Double,,
20,5/17/23 21:45,5/17/23 21:49,placeholderemail@internal.loomis.org,terljjvubz,,terljjvubz,placeholderemail@loomis.org,Male,2026,Single;Double;Triple;,zqtezjmxqb,Harman;Kravis;All Gender Housing;Carter;,jyqmckrvio,qzmqtaktyu,ytidtdvisb,zqtezjmxqb,cevfqvxyey,ojpnucfgxn,,,Harman,,,Double,,
21,5/17/23 21:36,5/17/23 21:51,placeholderemail@internal.loomis.org,ukbcoilmwr,,ukbcoilmwr,placeholderemail@loomis.org,Male,2026,Single;Double;Triple;,wpqvnimolp,Harman;Carter;Kravis;All Gender Housing;,wpqvnimolp,cevfqvxyey,ikwlbxtycw,mjkzqzjxdq,cqavnitzeg,qzmqtaktyu,dinlxnumic,zqtezjmxqb,Harman,,,Double,,
22,5/17/23 21:36,5/17/23 21:52,placeholderemail@internal.loomis.org,ikwlbxtycw,,ikwlbxtycw,placeholderemail@loomis.org,Male,2026,Double;Triple;Single;,cevfqvxyey,Harman;Carter;Kravis;All Gender Housing;,wpqvnimolp,mjkzqzjxdq,ukbcoilmwr,qzmqtaktyu,cqavnitzeg,dinlxnumic,zqtezjmxqb,cevfqvxyey,Harman,,,Single,,
23,5/17/23 21:38,5/17/23 21:52,placeholderemail@internal.loomis.org,cevfqvxyey,,cevfqvxyey,placeholderemail@loomis.org,Male,2026,Double;Triple;Single;,ikwlbxtycw,Harman;Carter;Kravis;All Gender Housing;,ikwlbxtycw,wpqvnimolp,ukbcoilmwr,mjkzqzjxdq,qzmqtaktyu,dinlxnumic,cqavnitzeg,zqtezjmxqb,Harman,,,Double,,
24,5/17/23 21:41,5/17/23 21:54,placeholderemail@internal.loomis.org,wpqvnimolp,,wpqvnimolp,placeholderemail@loomis.org,Male,2026,Single;Double;Triple;,ukbcoilmwr,Harman;Carter;Kravis;All Gender Housing;,ukbcoilmwr,cevfqvxyey,ikwlbxtycw,vzmgkaufvr,qzmqtaktyu,cqavnitzeg,dinlxnumic,zqtezjmxqb,Harman,,,Double,,
25,5/17/23 21:54,5/17/23 21:55,placeholderemail@internal.loomis.org,mamomhjbfn,,mamomhjbfn,placeholderemail@loomis.org,Male,2026,Single;Double;Triple;, ,Kravis;Harman;Carter;All Gender Housing;,xwqeberzkd,lrwrhrrubs,zyeoyrwwsr,dqlzxfqgcs,djjkjscixr,jfmfhpuuwh,ndeyzhrpqv,ytidtdvisb,Harman,,,Double,,
26,5/17/23 21:33,5/17/23 22:02,placeholderemail@internal.loomis.org,mcvwmjrxnk,,mcvwmjrxnk,placeholderemail@loomis.org,Male,2026,Single;Double;Triple;,mjkzqzjxdq,Harman;Carter;Kravis;All Gender Housing;,mjkzqzjxdq,jgzdkskbbg,zqtezjmxqb,cevfqvxyey,cymbwjfhce,cqavnitzeg,,,Harman,,,Single,,
27,5/17/23 21:31,5/17/23 22:08,placeholderemail@internal.loomis.org,jyqmckrvio,,jyqmckrvio,placeholderemail@loomis.org,Male,2026,Single;Double;Triple;,ingzdagbfq,Kravis;Harman;Carter;All Gender Housing;,zyeoyrwwsr,lrwrhrrubs,apqxqsijpe,ytidtdvisb,qzmqtaktyu,xjzkvdeogx,hujdefvdtk,ndeyzhrpqv,Harman,,,Double,,
28,5/17/23 22:03,5/17/23 22:08,placeholderemail@internal.loomis.org,qzmqtaktyu,,qzmqtaktyu,placeholderemail@loomis.org,Male,2026,Single;Double;Triple;,hqgbticsho,Harman;Kravis;Carter;All Gender Housing;,cevfqvxyey,wpqvnimolp,ikwlbxtycw,xwqeberzkd,cqavnitzeg,mjkzqzjxdq,,,Harman,,,Single,,
29,5/17/23 22:04,5/17/23 22:09,placeholderemail@internal.loomis.org,idhtijzdws,,idhtijzdws,placeholderemail@loomis.org,Male,2026,Double;Single;Triple;,xjzkvdeogx,Kravis;Carter;Harman;All Gender Housing;,xjzkvdeogx,fiimxyjpkg,jyqmckrvio,vlkujszemy,prmolasqkb,abtpsxbbsd,plmdujvamk,ingzdagbfq,Harman,,,Double,,
30,5/17/23 22:10,5/17/23 22:15,placeholderemail@internal.loomis.org,ojpnucfgxn,,ojpnucfgxn,placeholderemail@loomis.org,Male,2026,Single;Double;Triple;,plmdujvamk,Carter;Kravis;Harman;All Gender Housing;,wbhiwfljhz,vzmgkaufvr,izhtjplkwy,jfmfhpuuwh,cevfqvxyey,jtxjlhfirh,xjzkvdeogx,obxkcxxuxd,Carter,,,Double,,
31,5/17/23 21:51,5/17/23 22:16,placeholderemail@internal.loomis.org,aflmqvaezp,,aflmqvaezp,placeholderemail@loomis.org,Male,2026,Single;Double;Triple;,qylvnjsakk,Harman;Carter;Kravis;All Gender Housing;,wpqvnimolp,ukbcoilmwr,zqtezjmxqb,cqavnitzeg,terljjvubz,piwotafnkm,,,Harman,,,Double,,
32,5/17/23 22:26,5/17/23 22:33,placeholderemail@internal.loomis.org,apqxqsijpe,,apqxqsijpe,placeholderemail@loomis.org,Male,2026,Double;Single;Triple;,dqlzxfqgcs,Kravis;Harman;Carter;All Gender Housing;,idhtijzdws,xjzkvdeogx,abtpsxbbsd,qwbosycobl,qzmqtaktyu,vlkujszemy,,,Kravis,,,Double,,
33,5/17/23 22:22,5/17/23 22:35,placeholderemail@internal.loomis.org,cymbwjfhce,,cymbwjfhce,placeholderemail@loomis.org,Male,2026,Single;Double;Triple;,mjkzqzjxdq,Kravis;Harman;Carter;All Gender Housing;,mjkzqzjxdq,zqtezjmxqb,dckauzivyd,vzmgkaufvr,ikwlbxtycw,aflmqvaezp,abtpsxbbsd,pmqcvttzrt,Harman,,,Double,,
34,5/17/23 22:33,5/17/23 22:38,placeholderemail@internal.loomis.org,djjkjscixr,,djjkjscixr,placeholderemail@loomis.org,Male,2026,Single;Double;Triple;,ytidtdvisb,Harman;Kravis;Carter;All Gender Housing;,zyeoyrwwsr,ytidtdvisb,jfmfhpuuwh,odwbmtcjdu,stwhwmjgcq,lrwrhrrubs,,,Harman,,,Double,,
35,5/17/23 21:31,5/17/23 22:49,placeholderemail@internal.loomis.org,zqtezjmxqb,,zqtezjmxqb,placeholderemail@loomis.org,Male,2026,Single;Double;Triple;,terljjvubz,Harman;Carter;All Gender Housing;Kravis;,lrwrhrrubs,qzmqtaktyu,nijghfmvjm,ytidtdvisb,zyeoyrwwsr,cevfqvxyey,,,Harman,,,Double,,
36,5/17/23 22:47,5/17/23 22:54,placeholderemail@internal.loomis.org,cqavnitzeg,,cqavnitzeg,placeholderemail@loomis.org,Male,2026,Single;Double;Triple;,,Kravis;Harman;Carter;All Gender Housing;,abtpsxbbsd,xwfslbdbnv,plmdujvamk,qzmqtaktyu,jtxjlhfirh,cymbwjfhce,lrwrhrrubs,yactfvtlhi,Harman,,,Double,,
37,5/17/23 23:20,5/17/23 23:20,placeholderemail@internal.loomis.org,lrwrhrrubs,,lrwrhrrubs,placeholderemail@loomis.org,Male,2026,Double;Single;Triple;,zyeoyrwwsr,Kravis;Carter;Harman;All Gender Housing;,ndeyzhrpqv,zyeoyrwwsr,jfmfhpuuwh,ytidtdvisb,dqlzxfqgcs,djjkjscixr,xwqeberzkd,fiimxyjpkg,Harman,,,Double,,
38,5/18/23 0:10,5/18/23 0:13,placeholderemail@internal.loomis.org,nijghfmvjm,,nijghfmvjm,placeholderemail@loomis.org,Male,2026,Double;Single;Triple;,odwbmtcjdu,Kravis;Harman;Carter;All Gender Housing;,fiimxyjpkg,xwqeberzkd,ytidtdvisb,stwhwmjgcq,vlkujszemy,hujdefvdtk,,,Harman,,,Double,,
39,5/18/23 8:21,5/18/23 8:29,placeholderemail@internal.loomis.org,vyinbkqgpt,,vyinbkqgpt,placeholderemail@loomis.org,Male,2026,Double;Single;Triple;,,Kravis;Carter;Harman;All Gender Housing;,zyeoyrwwsr,igzuwfrayg,otggohncjd,ndeyzhrpqv,jlmvpsttah,prmolasqkb,apqxqsijpe,obbhkvxipc,Carter,,,Double,,
40,5/18/23 14:30,5/18/23 14:48,placeholderemail@internal.loomis.org,ndeyzhrpqv,,ndeyzhrpqv,placeholderemail@loomis.org,Male,2026,Single;Double;Triple;,ytidtdvisb,Kravis;Harman;Carter;All Gender Housing;,zyeoyrwwsr,vyinbkqgpt,vlkujszemy,otggohncjd,czhgtcltfq,jllyydygsq,djjkjscixr,dqlzxfqgcs,Carter,,,Double,,
41,5/18/23 15:42,5/18/23 15:45,placeholderemail@internal.loomis.org,jtxjlhfirh,,jtxjlhfirh,placeholderemail@loomis.org,Male,2026,Single;Double;Triple;,cqavnitzeg,Kravis;Harman;Carter;All Gender Housing;,abtpsxbbsd,dckauzivyd,wbhiwfljhz,pnuhxrgnqr,xjzkvdeogx,uyaouceknm,,,Carter,,,Double,,
42,5/18/23 16:24,5/18/23 16:53,placeholderemail@internal.loomis.org,qylvnjsakk,,qylvnjsakk,placeholderemail@loomis.org,Male,2026,Single;Double;Triple;,aflmqvaezp,Kravis;Carter;Harman;All Gender Housing;,zyeoyrwwsr,lrwrhrrubs,wpqvnimolp,csbdkempqm,ytidtdvisb,xwqeberzkd,dqlzxfqgcs,ndeyzhrpqv,Carter,,,Double,,
43,5/18/23 16:56,5/18/23 16:56,placeholderemail@internal.loomis.org,ytidtdvisb,,ytidtdvisb,placeholderemail@loomis.org,Male,2026,Single;Double;Triple;,ndeyzhrpqv,Kravis;Harman;Carter;All Gender Housing;,zyeoyrwwsr,lrwrhrrubs,ndeyzhrpqv,dqlzxfqgcs,djjkjscixr,nijghfmvjm,,,Harman,,,Double,,
44,5/18/23 9:41,5/18/23 17:05,placeholderemail@internal.loomis.org,vzmgkaufvr,,vzmgkaufvr,placeholderemail@loomis.org,Male,2026,Single;Double;Triple;,ojpnucfgxn,Kravis;Carter;Harman;All Gender Housing;,xjzkvdeogx,yactfvtlhi,plmdujvamk,dckauzivyd,pnuhxrgnqr,xwfslbdbnv,wpqvnimolp,cymbwjfhce,Carter,,,Double,,
45,5/18/23 15:07,5/18/23 18:23,placeholderemail@internal.loomis.org,hqgbticsho,,hqgbticsho,placeholderemail@loomis.org,Male,2026,Single;Double;Triple;,qzmqtaktyu,Harman;Kravis;Carter;All Gender Housing;,tjdzacilcs,wbhiwfljhz,qzmqtaktyu,rdoqxnynym,obxkcxxuxd,dckauzivyd,wpqvnimolp,cevfqvxyey,Harman,,,Double,,
46,5/18/23 19:34,5/18/23 19:39,placeholderemail@internal.loomis.org,rdoqxnynym,,rdoqxnynym,placeholderemail@loomis.org,Male,2026,Single;Double;Triple;,cymbwjfhce,Harman;Kravis;Carter;All Gender Housing;,tjdzacilcs,dckauzivyd,abtpsxbbsd,cymbwjfhce,phfuvttebv,iejcyudpnr,kgfebparve,xjzkvdeogx,Harman,,,Double,,
47,5/18/23 21:37,5/18/23 21:42,placeholderemail@internal.loomis.org,dinlxnumic,,dinlxnumic,placeholderemail@loomis.org,Male,2026,Double;Single;Triple;,mjkzqzjxdq,Harman;Kravis;Carter;All Gender Housing;,qzmqtaktyu,lrwrhrrubs,cevfqvxyey,mamomhjbfn,zqtezjmxqb,ikwlbxtycw,cymbwjfhce,zyeoyrwwsr,N/A,,,N/A,,
